{
    "observation.state": {
        "min": [
            0.49707189202308655,
            -0.6034628748893738,
            0.4033612012863159,
            0.0019531312864273787,
            0.7308366298675537,
            0.0,
            0.7528696656227112
        ],
        "max": [
            0.49707189202308655,
            -0.6034628748893738,
            0.4033612012863159,
            0.0019531312864273787,
            0.7308366298675537,
            0.0,
            0.7528696656227112
        ],
        "mean": [
            0.497070488383104,
            -0.6034617637490597,
            0.40336156966523395,
            0.0019531257332139704,
            0.730835110257436,
            0.0,
            0.7528687452298738
        ],
        "std": [
            0.0012949466762407168,
            0.0009299332019446459,
            0.0006405111274033816,
            1.6190077382156315e-06,
            2.980072742631233e-08,
            0.0,
            0.0008936135906624567
        ],
        "count": [
            17012
        ],
        "q01": [
            0.49707189202308677,
            -0.6034628748893734,
            0.4033612012863162,
            0.001953131286427778,
            0.7308366298675539,
            3.999999999999417e-16,
            0.7528696656227114
        ],
        "q10": [
            0.4970718920230906,
            -0.6034628748893699,
            0.40336120128631986,
            0.0019531312864313785,
            0.7308366298675575,
            3.999999999999419e-15,
            0.752869665622715
        ],
        "q50": [
            0.49707189202310653,
            -0.603462874889354,
            0.40336120128633585,
            0.001953131286447379,
            0.7308366298675735,
            1.999999999999709e-14,
            0.7528696656227309
        ],
        "q90": [
            0.49707189202312246,
            -0.6034628748893378,
            0.40336120128635194,
            0.0019531312864633785,
            0.7308366298675898,
            3.5999999999994766e-14,
            0.7528696656227472
        ],
        "q99": [
            0.49707189202312624,
            -0.6034628748893343,
            0.4033612012863556,
            0.001953131286466979,
            0.7308366298675932,
            3.9599999999994235e-14,
            0.7528696656227507
        ]
    },
    "observation.images.cam_top_depth": {
        "min": [
            [
                [
                    0.0
                ]
            ],
            [
                [
                    0.0
                ]
            ],
            [
                [
                    0.0
                ]
            ]
        ],
        "max": [
            [
                [
                    1.0
                ]
            ],
            [
                [
                    1.0
                ]
            ],
            [
                [
                    1.0
                ]
            ]
        ],
        "mean": [
            [
                [
                    0.4226809952322196
                ]
            ],
            [
                [
                    0.4226809952322196
                ]
            ],
            [
                [
                    0.4226809952322196
                ]
            ]
        ],
        "std": [
            [
                [
                    0.009294999385343219
                ]
            ],
            [
                [
                    0.009294999385343219
                ]
            ],
            [
                [
                    0.009294999385343219
                ]
            ]
        ],
        "count": [
            326630400
        ],
        "q01": [
            [
                [
                    -1.1598917488462588e-11
                ]
            ],
            [
                [
                    -1.1598917488462588e-11
                ]
            ],
            [
                [
                    -1.1598917488462588e-11
                ]
            ]
        ],
        "q10": [
            [
                [
                    -1.1598917488462588e-11
                ]
            ],
            [
                [
                    -1.1598917488462588e-11
                ]
            ],
            [
                [
                    -1.1598917488462588e-11
                ]
            ]
        ],
        "q50": [
            [
                [
                    0.539092464751449
                ]
            ],
            [
                [
                    0.539092464751449
                ]
            ],
            [
                [
                    0.539092464751449
                ]
            ]
        ],
        "q90": [
            [
                [
                    0.6287470383591169
                ]
            ],
            [
                [
                    0.6287470383591169
                ]
            ],
            [
                [
                    0.6287470383591169
                ]
            ]
        ],
        "q99": [
            [
                [
                    0.6701365492777975
                ]
            ],
            [
                [
                    0.6701365492777975
                ]
            ],
            [
                [
                    0.6701365492777975
                ]
            ]
        ]
    },
    "frame_index": {
        "min": [
            0
        ],
        "max": [
            1239
        ],
        "mean": [
            358.20362097343053
        ],
        "std": [
            233.8912672411299
        ],
        "count": [
            17012
        ],
        "q01": [
            6.639696215044095
        ],
        "q10": [
            71.27005051249928
        ],
        "q50": [
            357.983919833059
        ],
        "q90": [
            645.0830052128711
        ],
        "q99": [
            709.7675457318169
        ]
    },
    "action": {
        "min": [
            0.3700000047683716,
            -0.6000000238418579,
            0.4000000059604645,
            0.0,
            0.23999999463558197,
            0.0,
            0.0
        ],
        "max": [
            0.5299999713897705,
            0.15000000596046448,
            0.5199999809265137,
            0.0,
            0.7300000190734863,
            0.0,
            1.0
        ],
        "mean": [
            0.47505932910398063,
            -0.10816902688328005,
            0.4025274525908282,
            0.0,
            0.4046898769324677,
            0.0,
            0.7167935884408101
        ],
        "std": [
            0.05033547211470362,
            0.23445516049397003,
            0.01246576965335331,
            0.0,
            0.18198860879871098,
            0.0,
            0.4330745680126389
        ],
        "count": [
            17012
        ],
        "q01": [
            0.39898130856834046,
            -0.6000000239418578,
            0.40000000595074214,
            3.999999999999417e-16,
            0.28193980608144614,
            3.999999999999417e-16,
            0.0486891617440383
        ],
        "q10": [
            0.40123672806724625,
            -0.5695972399612057,
            0.40000000595074553,
            3.999999999999419e-15,
            0.28193980608144614,
            3.999999999999419e-15,
            0.0486891617440383
        ],
        "q50": [
            0.49999584210389275,
            -0.01641616647689675,
            0.4022613825267146,
            1.999999999999709e-14,
            0.3345021733407281,
            1.999999999999709e-14,
            0.9998581706026802
        ],
        "q90": [
            0.5199925550294082,
            0.07029903724136273,
            0.40800469192512545,
            3.5999999999994766e-14,
            0.7299523156151774,
            3.5999999999994766e-14,
            0.9999716342005359
        ],