{
    "action": {
        "min": [
            -0.005558357574045658,
            -0.6570625305175781,
            0.4002566337585449,
            0.0,
            0.7265961766242981,
            0.0,
            0.9975120425224304
        ],
        "max": [
            -0.0031619910150766373,
            -0.6123113632202148,
            0.40138429403305054,
            0.0,
            0.7274695038795471,
            0.0,
            1.006089210510254
        ],
        "mean": [
            -0.004554294515401125,
            -0.647197961807251,
            0.40103140473365784,
            0.0,
            0.7271921038627625,
            0.0,
            1.0035086870193481
        ],
        "std": [
            0.0005360728246159852,
            0.010192024521529675,
            0.00024690901045687497,
            0.0,
            0.0001721825683489442,
            0.0,
            0.001805536332540214
        ],
        "count": [
            1334
        ]
    },
    "observation.state": {
        "min": [
            -0.005558357574045658,
            -0.6570625305175781,
            0.4000000059604645,
            0.0,
            0.7265961766242981,
            0.0,
            0.0
        ],
        "max": [
            0.0,
            -0.6000000238418579,
            0.40138429403305054,
            0.0,
            0.7300000190734863,
            0.0,
            0.0
        ],
        "mean": [
            -0.004550693556666374,
            -0.6471582055091858,
            0.4010305404663086,
            0.0,
            0.7271941304206848,
            0.0,
            0.0
        ],
        "std": [
            0.0005503298598341644,
            0.01027228869497776,
            0.0002484725264366716,
            0.0,
            0.00018855545204132795,
            0.0,
            0.0
        ],
        "count": [
            1334
        ]
    },
    "observation.images.camera_1": {
        "min": [
            [
                [
                    0.0
                ]
            ],
            [
                [
                    0.08627450980392157
                ]
            ],
            [
                [
                    0.0
                ]
            ]
        ],
        "max": [
            [
                [
                    0.9686274509803922
                ]
            ],
            [
                [
                    0.9058823529411765
                ]
            ],
            [
                [
                    0.7450980392156863
                ]
            ]
        ],
        "mean": [
            [
                [
                    0.5159168514185978
                ]
            ],
            [
                [
                    0.49182163732917406
                ]
            ],
            [
                [
                    0.35203934751931076
                ]
            ]
        ],
        "std": [
            [
                [
                    0.15666145608786697
                ]
            ],
            [
                [
                    0.13770347943013514
                ]
            ],
            [
                [
                    0.16007040748071527
                ]
            ]
        ],
        "count": [
            220
        ]
    },
    "observation.images.camera_2": {
        "min": [
            [
                [
                    0.0
                ]
            ],
            [
                [
                    0.00392156862745098
                ]
            ],
            [
                [
                    0.0
                ]
            ]
        ],
        "max": [
            [
                [
                    0.8901960784313725
                ]
            ],
            [
                [
                    0.8
                ]
            ],
            [
                [
                    0.6823529411764706
                ]
            ]
        ],
        "mean": [
            [
                [
                    0.5275423295454545
                ]
            ],
            [
                [
                    0.49442656157159837
                ]
            ],
            [
                [
                    0.38443217468805707
                ]
            ]
        ],
        "std": [
            [
                [
                    0.14547796541150515
                ]
            ],
            [
                [
                    0.13737413507938068
                ]
            ],
            [
                [
                    0.1789944452343165
                ]
            ]
        ],
        "count": [
            220
        ]
    },
    "timestamp": {
        "min": [
            0.0
        ],
        "max": [
            44.43333333333333
        ],
        "mean": [
            22.216666666666665
        ],
        "std": [
            12.83641737834631
        ],
        "count": [
            1334
        ]
    },
    "frame_index": {
        "min": [
            0
        ],
        "max": [
            1333
        ],
        "mean": [
            666.5
        ],
        "std": [
            385.09252135038923
        ],
        "count": [
            1334
        ]
    },
    "episode_index": {
        "min": [
            0
        ],
        "max": [
            0
        ],
        "mean": [
            0.0
        ],
        "std": [
            0.0
        ],
        "count": [
            1334
        ]
    },
    "index": {
        "min": [
            0
        ],
        "max": [
            1333
        ],
        "mean": [
            666.5
        ],
        "std": [
            385.09252135038923
        ],
        "count": [
            1334
        ]
    },
    "task_index": {
        "min": [
            0
        ],
        "max": [
            0
        ],
        "mean": [
            0.0
        ],
        "std": [
            0.0
        ],
        "count": [
            1334
        ]
    }
}